,pclass,survived,sex,age,fare,family_size,avg_fare
0,1,True,female,29,211.34,1,211.34
1,1,True,male,1,151.55,4,37.89
2,1,False,female,2,151.55,4,37.89
3,1,False,male,30,151.55,4,37.89
4,1,False,female,25,151.55,4,37.89
5,1,True,male,48,26.55,1,26.55
6,1,True,female,63,77.96,2,38.98
7,1,False,male,39,0.0,1,0.0
8,1,True,female,53,51.48,3,17.16
9,1,False,male,71,49.5,1,49.5
10,1,False,male,47,227.52,2,113.76
11,1,True,female,18,227.52,2,113.76
12,1,True,female,24,69.3,1,69.3
13,1,True,female,26,78.85,1,78.85
14,1,True,male,80,30.0,1,30.0
15,1,False,male,28,25.92,1,25.92
16,1,False,male,24,247.52,2,123.76
17,1,True,female,50,247.52,2,123.76
18,1,True,female,32,76.29,1,76.29
19,1,False,male,36,75.24,1,75.24
20,1,True,male,37,52.55,3,17.52
21,1,True,female,47,52.55,3,17.52
22,1,True,male,26,30.0,1,30.0
23,1,True,female,42,227.52,1,227.52
24,1,True,female,29,221.78,1,221.78
25,1,False,male,25,26.0,1,26.0
26,1,True,male,25,91.08,2,45.54
27,1,True,female,19,91.08,2,45.54
28,1,True,female,35,135.63,1,135.63
29,1,True,male,28,26.55,1,26.55
30,1,False,male,45,35.5,1,35.5
31,1,True,male,40,31.0,1,31.0
32,1,True,female,30,164.87,1,164.87
33,1,True,female,58,26.55,1,26.55
34,1,False,male,42,26.55,1,26.55
35,1,True,female,45,262.38,1,262.38
36,1,True,female,22,55.0,2,27.5
37,1,True,male,28,26.55,1,26.55
38,1,False,male,41,30.5,1,30.5
39,1,False,male,48,50.5,1,50.5
40,1,False,male,28,39.6,1,39.6
41,1,True,female,44,27.72,1,27.72
42,1,True,female,59,51.48,3,17.16
43,1,True,female,60,76.29,1,76.29
44,1,True,female,41,134.5,1,134.5
45,1,False,male,45,26.55,1,26.55
46,1,False,male,28,31.0,1,31.0
47,1,True,male,42,26.29,1,26.29
48,1,True,female,53,27.45,1,27.45
49,1,True,male,36,512.33,2,256.17
50,1,True,female,58,512.33,2,256.17
51,1,False,male,33,5.0,1,5.0
52,1,False,male,28,47.1,1,47.1
53,1,False,male,17,47.1,1,47.1
54,1,True,male,11,120.0,4,30.0
55,1,True,female,14,120.0,4,30.0
56,1,True,male,36,120.0,4,30.0
57,1,True,female,36,120.0,4,30.0
58,1,False,male,49,26.0,1,26.0
59,1,True,female,28,27.72,1,27.72
60,1,False,male,36,78.85,2,39.42
61,1,True,female,76,78.85,2,39.42
62,1,False,male,46,61.18,2,30.59
63,1,True,female,47,61.18,2,30.59
64,1,True,male,27,53.1,2,26.55
65,1,True,female,33,53.1,2,26.55
66,1,True,female,36,262.38,1,262.38
67,1,True,female,30,86.5,1,86.5
68,1,True,male,45,29.7,1,29.7
69,1,True,female,28,55.0,2,27.5
70,1,False,male,28,0.0,1,0.0
71,1,False,male,27,136.78,2,68.39
72,1,True,female,26,136.78,2,68.39
73,1,True,female,22,151.55,1,151.55
74,1,False,male,28,52.0,1,52.0
75,1,False,male,47,25.59,1,25.59
76,1,True,female,39,83.16,3,27.72
77,1,False,male,37,83.16,3,27.72
78,1,True,female,64,83.16,3,27.72
79,1,True,female,55,25.7,3,8.57
80,1,False,male,28,26.55,1,26.55
81,1,False,male,70,71.0,3,23.67
82,1,True,female,36,71.0,3,23.67
83,1,True,female,64,26.55,3,8.85
84,1,False,male,39,71.28,2,35.64
85,1,True,female,38,71.28,2,35.64
86,1,True,male,51,26.55,1,26.55
87,1,True,male,27,30.5,1,30.5
88,1,True,female,33,151.55,1,151.55
89,1,False,male,31,52.0,2,26.0
90,1,True,female,27,52.0,4,13.0
91,1,True,male,31,57.0,2,28.5
92,1,True,female,17,57.0,2,28.5
93,1,True,male,53,81.86,3,27.29
94,1,True,male,4,81.86,3,27.29
95,1,True,female,54,81.86,3,27.29
96,1,False,male,50,106.42,2,53.21
97,1,True,female,27,247.52,3,82.51
98,1,True,female,48,106.42,2,53.21
99,1,True,female,48,39.6,2,19.8
100,1,True,male,49,56.93,2,28.46
101,1,False,male,39,29.7,1,29.7
102,1,True,female,23,83.16,2,41.58
103,1,True,female,38,227.52,1,227.52
104,1,True,female,54,78.27,2,39.14
105,1,False,female,36,31.68,1,31.68
106,1,False,male,28,221.78,1,221.78
107,1,True,female,28,31.68,1,31.68
108,1,True,female,28,110.88,1,110.88
109,1,True,male,36,26.39,1,26.39
110,1,False,male,30,27.75,1,27.75
111,1,True,female,24,263.0,6,43.83
112,1,True,female,28,263.0,6,43.83
113,1,True,female,23,263.0,6,43.83
114,1,False,male,19,263.0,6,43.83
115,1,False,male,64,263.0,6,43.83
116,1,True,female,60,263.0,6,43.83
117,1,True,female,30,56.93,1,56.93
118,1,False,male,28,26.55,1,26.55
119,1,True,male,50,133.65,3,44.55
120,1,True,male,43,27.72,2,13.86
121,1,True,female,28,133.65,2,66.82
122,1,True,female,22,49.5,3,16.5
123,1,True,male,60,79.2,3,26.4
124,1,True,female,48,79.2,3,26.4
125,1,False,male,28,0.0,1,0.0
126,1,False,male,37,53.1,2,26.55
127,1,True,female,35,53.1,2,26.55
128,1,False,male,47,38.5,1,38.5
129,1,True,female,35,211.5,1,211.5
130,1,True,female,22,59.4,2,29.7
131,1,True,female,45,59.4,2,29.7
132,1,False,male,24,79.2,1,79.2
133,1,True,male,49,89.1,2,44.55
134,1,True,female,28,89.1,2,44.55
135,1,False,male,71,34.65,1,34.65
136,1,True,male,53,28.5,1,28.5
137,1,True,female,19,30.0,1,30.0
138,1,False,male,38,153.46,2,76.73
139,1,True,female,58,153.46,2,76.73
140,1,True,male,23,63.36,2,31.68
141,1,True,female,45,63.36,2,31.68
142,1,False,male,46,79.2,1,79.2
143,1,True,male,25,55.44,2,27.72
144,1,True,female,25,55.44,2,27.72
145,1,True,male,48,76.73,2,38.36
146,1,True,female,49,76.73,2,38.36
147,1,False,male,28,42.4,1,42.4
148,1,False,male,45,83.48,2,41.74
149,1,True,female,35,83.48,2,41.74
150,1,False,male,40,0.0,1,0.0
151,1,True,male,27,76.73,1,76.73
152,1,True,male,28,30.0,1,30.0
153,1,True,female,24,83.16,1,83.16
154,1,False,male,55,93.5,3,31.17
155,1,True,female,52,93.5,3,31.17
156,1,False,male,42,42.5,1,42.5
157,1,False,male,28,51.86,1,51.86
158,1,False,male,55,50.0,1,50.0
159,1,True,female,16,57.98,2,28.99
160,1,True,female,44,57.98,2,28.99
161,1,True,female,51,77.96,2,38.98
162,1,False,male,42,52.0,2,26.0
163,1,True,female,35,52.0,2,26.0
164,1,True,male,35,26.55,1,26.55
165,1,True,male,38,90.0,2,45.0
166,1,False,male,28,30.7,1,30.7
167,1,True,female,35,90.0,2,45.0
168,1,True,female,38,80.0,1,80.0
169,1,False,female,50,28.71,1,28.71
170,1,True,male,49,0.0,1,0.0
171,1,False,male,46,26.0,1,26.0
172,1,False,male,50,26.0,1,26.0
173,1,False,male,32,211.5,1,211.5
174,1,False,male,58,29.7,1,29.7
175,1,False,male,41,51.86,2,25.93
176,1,True,female,28,51.86,2,25.93
177,1,True,male,42,52.55,2,26.28
178,1,True,female,45,52.55,2,26.28
179,1,False,male,28,26.55,1,26.55
180,1,True,female,39,211.34,1,211.34
181,1,True,female,49,25.93,1,25.93
182,1,True,female,30,106.42,1,106.42
183,1,True,male,35,512.33,1,512.33
184,1,False,male,28,27.72,1,27.72
185,1,False,male,42,26.55,1,26.55
186,1,True,female,55,27.72,1,27.72
187,1,True,female,16,39.4,2,19.7
188,1,True,female,51,39.4,2,19.7
189,1,False,male,29,30.0,1,30.0
190,1,True,female,21,77.96,1,77.96
191,1,False,male,30,45.5,1,45.5
192,1,True,female,58,146.52,1,146.52
193,1,True,female,15,211.34,2,105.67
194,1,False,male,30,26.0,1,26.0
195,1,True,female,16,86.5,1,86.5
196,1,True,male,28,29.7,1,29.7
197,1,False,male,19,53.1,2,26.55
198,1,True,female,18,53.1,2,26.55
199,1,True,female,24,49.5,1,49.5
200,1,False,male,46,75.24,1,75.24
201,1,False,male,54,51.86,1,51.86
202,1,True,male,36,26.29,1,26.29
203,1,False,male,28,82.17,2,41.08
204,1,True,female,28,82.17,2,41.08
205,1,False,male,65,26.55,1,26.55
206,1,False,male,44,90.0,3,30.0
207,1,True,female,33,90.0,2,45.0
208,1,True,female,37,90.0,2,45.0
209,1,True,male,30,57.75,2,28.88
210,1,False,male,55,30.5,1,30.5
211,1,False,male,47,42.4,1,42.4
212,1,False,male,37,29.7,2,14.85
213,1,True,female,31,113.28,2,56.64
214,1,True,female,23,113.28,2,56.64
215,1,False,male,58,113.28,3,37.76
216,1,True,female,19,26.28,3,8.76
217,1,False,male,64,26.0,1,26.0
218,1,True,female,39,108.9,1,108.9
219,1,True,male,28,25.74,1,25.74
220,1,True,female,22,61.98,2,30.99
221,1,False,male,65,61.98,2,30.99
222,1,False,male,28,27.72,1,27.72
223,1,False,male,28,0.0,1,0.0
224,1,False,male,46,28.5,1,28.5
225,1,False,male,23,93.5,1,93.5
226,1,False,male,29,66.6,2,33.3
227,1,True,female,22,66.6,2,33.3
228,1,False,male,18,108.9,2,54.45
229,1,True,female,17,108.9,2,54.45
230,1,True,female,30,93.5,1,93.5
231,1,True,male,52,30.5,1,30.5
232,1,False,male,47,52.0,1,52.0
233,1,True,female,56,83.16,2,41.58
234,1,False,male,38,0.0,1,0.0
235,1,True,male,28,39.6,1,39.6
236,1,False,male,22,135.63,1,135.63
237,1,False,male,28,227.52,1,227.52
238,1,True,female,43,211.34,2,105.67
239,1,False,male,31,50.5,1,50.5
240,1,True,male,45,26.55,1,26.55
241,1,False,male,28,50.0,1,50.0
242,1,True,female,33,27.72,1,27.72
243,1,False,male,46,79.2,1,79.2
244,1,False,male,36,40.12,1,40.12
245,1,True,female,33,86.5,1,86.5
246,1,False,male,55,59.4,2,29.7
247,1,True,female,54,59.4,2,29.7
248,1,False,male,33,26.55,1,26.55
249,1,True,male,13,262.38,5,52.48
250,1,True,female,18,262.38,5,52.48
251,1,True,female,21,262.38,5,52.48
252,1,False,male,61,262.38,5,52.48
253,1,True,female,48,262.38,5,52.48
254,1,True,male,28,30.5,1,30.5
255,1,True,female,24,69.3,1,69.3
256,1,True,male,28,26.0,1,26.0
257,1,True,female,35,57.75,2,28.88
258,1,True,female,30,31.0,1,31.0
259,1,True,male,34,26.55,1,26.55
260,1,True,female,40,153.46,1,153.46
261,1,True,male,35,26.29,1,26.29
262,1,False,male,50,55.9,2,27.95
263,1,True,female,39,55.9,2,27.95
264,1,True,male,56,35.5,1,35.5
265,1,True,male,28,35.5,1,35.5
266,1,False,male,56,26.55,1,26.55
267,1,False,male,56,30.7,1,30.7
268,1,False,male,24,60.0,2,30.0
269,1,False,male,28,26.0,1,26.0
270,1,True,female,18,60.0,2,30.0
271,1,True,male,24,82.27,2,41.14
272,1,True,female,23,82.27,2,41.14
273,1,True,male,6,134.5,3,44.83
274,1,True,male,45,134.5,3,44.83
275,1,True,female,40,134.5,3,44.83
276,1,False,male,57,146.52,2,73.26
277,1,True,female,28,146.52,2,73.26
278,1,True,male,32,30.5,1,30.5
279,1,False,male,62,26.55,1,26.55
280,1,True,male,54,55.44,2,27.72
281,1,True,female,43,55.44,2,27.72
282,1,True,female,52,78.27,2,39.14
283,1,False,male,28,27.72,1,27.72
284,1,True,female,62,80.0,1,80.0
285,1,False,male,67,221.78,2,110.89
286,1,False,female,63,221.78,2,110.89
287,1,False,male,61,32.32,1,32.32
288,1,True,female,48,25.93,1,25.93
289,1,True,female,18,79.65,3,26.55
290,1,False,male,52,79.65,3,26.55
291,1,True,female,39,79.65,3,26.55
292,1,True,male,48,52.0,2,26.0
293,1,True,female,28,52.0,2,26.0
294,1,False,male,49,110.88,3,36.96
295,1,True,male,17,110.88,3,36.96
296,1,True,female,39,110.88,3,36.96
297,1,True,female,28,79.2,1,79.2
298,1,True,male,31,28.54,1,28.54
299,1,False,male,40,27.72,1,27.72
300,1,False,male,61,33.5,1,33.5
301,1,False,male,47,34.02,1,34.02
302,1,True,female,35,512.33,1,512.33
303,1,False,male,64,75.25,2,37.62
304,1,True,female,60,75.25,2,37.62
305,1,False,male,60,26.55,1,26.55
306,1,False,male,54,77.29,2,38.65
307,1,False,male,21,77.29,2,38.65
308,1,True,female,55,135.63,1,135.63
309,1,True,female,31,164.87,3,54.96
310,1,False,male,57,164.87,3,54.96
311,1,True,female,45,164.87,3,54.96
312,1,False,male,50,211.5,3,70.5
313,1,False,male,27,211.5,3,70.5
314,1,True,female,50,211.5,3,70.5
315,1,True,female,21,26.55,1,26.55
316,1,False,male,51,61.38,2,30.69
317,1,True,male,21,61.38,2,30.69
318,1,False,male,28,35.0,1,35.0
319,1,True,female,31,134.5,1,134.5
320,1,True,male,28,35.5,1,35.5
321,1,False,male,62,26.55,1,26.55
322,1,True,female,36,135.63,1,135.63
323,2,False,male,30,24.0,2,12.0
324,2,True,female,28,24.0,2,12.0
325,2,False,male,30,13.0,1,13.0
326,2,False,male,18,11.5,1,11.5
327,2,False,male,25,10.5,1,10.5
328,2,False,male,34,26.0,2,13.0
329,2,True,female,36,26.0,2,13.0
330,2,False,male,57,13.0,1,13.0
331,2,False,male,18,11.5,1,11.5
332,2,False,male,23,10.5,1,10.5
333,2,True,female,36,13.0,1,13.0
334,2,False,male,28,10.5,1,10.5
335,2,False,male,51,12.52,1,12.52
336,2,True,male,32,26.0,2,13.0
337,2,True,female,19,26.0,2,13.0
338,2,False,male,28,26.0,1,26.0
339,2,True,male,1,39.0,4,9.75
340,2,True,female,4,39.0,4,9.75
341,2,True,female,12,39.0,4,9.75
342,2,True,female,36,39.0,4,9.75
343,2,True,male,34,13.0,1,13.0
344,2,True,female,19,13.0,1,13.0
345,2,False,male,23,13.0,1,13.0
346,2,False,male,26,13.0,1,13.0
347,2,False,male,42,13.0,1,13.0
348,2,False,male,27,13.0,1,13.0
349,2,True,female,24,13.0,1,13.0
350,2,True,female,15,39.0,3,13.0
351,2,False,male,60,39.0,3,13.0
352,2,True,female,40,39.0,3,13.0
353,2,True,female,20,26.0,2,13.0
354,2,False,male,25,26.0,2,13.0
355,2,True,female,36,13.0,1,13.0
356,2,False,male,25,13.0,1,13.0
357,2,False,male,42,13.0,1,13.0
358,2,True,female,42,13.0,1,13.0
359,2,True,male,1,29.0,3,9.67
360,2,True,male,26,29.0,3,9.67
361,2,True,female,22,29.0,3,9.67
362,2,True,female,35,21.0,1,21.0
363,2,False,male,28,0.0,1,0.0
364,2,False,male,19,13.0,1,13.0
365,2,False,female,44,26.0,2,13.0
366,2,False,male,54,26.0,2,13.0
367,2,False,male,52,13.5,1,13.5
368,2,False,male,37,26.0,2,13.0
369,2,False,female,29,26.0,2,13.0
370,2,True,female,25,30.0,3,10.0
371,2,True,female,45,30.0,3,10.0
372,2,False,male,29,26.0,2,13.0
373,2,True,female,28,26.0,2,13.0
374,2,False,male,29,10.5,1,10.5
375,2,False,male,28,13.0,1,13.0
376,2,True,male,24,10.5,1,10.5
377,2,True,female,8,26.25,3,8.75
378,2,False,male,31,26.25,3,8.75
379,2,True,female,31,26.25,3,8.75
380,2,True,female,22,10.5,1,10.5
381,2,False,female,30,13.0,1,13.0
382,2,False,female,28,21.0,1,21.0
383,2,False,male,21,11.5,1,11.5
384,2,False,male,28,0.0,1,0.0
385,2,True,male,8,36.75,3,12.25
386,2,False,male,18,73.5,1,73.5
387,2,True,female,48,36.75,3,12.25
388,2,True,female,28,13.0,1,13.0
389,2,False,male,32,13.0,1,13.0
390,2,False,male,17,73.5,1,73.5
391,2,False,male,29,27.72,2,13.86
392,2,True,female,24,27.72,2,13.86
393,2,False,male,25,31.5,1,31.5
394,2,False,male,18,73.5,1,73.5
395,2,True,female,18,23.0,2,11.5
396,2,True,female,34,23.0,2,11.5
397,2,False,male,54,26.0,1,26.0
398,2,True,male,8,32.5,3,10.83
399,2,False,male,42,32.5,3,10.83
400,2,True,female,34,32.5,3,10.83
401,2,True,female,27,13.86,2,6.93
402,2,True,female,30,13.86,2,6.93
403,2,False,male,23,13.0,1,13.0
404,2,False,male,21,13.0,1,13.0
405,2,False,male,18,13.0,1,13.0
406,2,False,male,40,26.0,2,13.0
407,2,True,female,29,26.0,2,13.0
408,2,False,male,18,10.5,1,10.5
409,2,False,male,36,13.0,1,13.0
410,2,False,male,28,0.0,1,0.0
411,2,False,female,38,13.0,1,13.0
412,2,False,male,35,26.0,1,26.0
413,2,False,male,38,21.0,2,10.5
414,2,False,male,34,21.0,2,10.5
415,2,True,female,34,13.0,1,13.0
416,2,False,male,16,26.0,1,26.0
417,2,False,male,26,10.5,1,10.5
418,2,False,male,47,10.5,1,10.5
419,2,False,male,21,11.5,2,5.75
420,2,False,male,21,11.5,2,5.75
421,2,False,male,24,13.5,1,13.5
422,2,False,male,24,13.0,1,13.0
423,2,False,male,34,13.0,1,13.0
424,2,False,male,30,13.0,1,13.0
425,2,False,male,52,13.0,1,13.0
426,2,False,male,30,13.0,1,13.0
427,2,True,male,1,14.5,3,4.83
428,2,True,female,24,14.5,3,4.83
429,2,False,male,44,13.0,1,13.0
430,2,True,female,6,33.0,2,16.5
431,2,False,male,28,33.0,2,16.5
432,2,True,male,62,10.5,1,10.5
433,2,False,male,30,10.5,1,10.5
434,2,True,female,7,26.25,3,8.75
435,2,False,male,43,26.25,3,8.75
436,2,True,female,45,26.25,3,8.75
437,2,True,female,24,65.0,4,16.25
438,2,True,female,24,65.0,4,16.25
439,2,False,male,49,65.0,4,16.25
440,2,True,female,48,65.0,4,16.25
441,2,True,female,55,16.0,1,16.0
442,2,False,male,24,73.5,3,24.5
443,2,False,male,32,73.5,3,24.5
444,2,False,male,21,73.5,3,24.5
445,2,False,female,18,13.0,3,4.33
446,2,True,female,20,23.0,4,5.75
447,2,False,male,23,11.5,4,2.88
448,2,False,male,36,13.0,1,13.0
449,2,True,female,54,23.0,5,4.6
450,2,False,male,50,13.0,1,13.0
451,2,False,male,44,26.0,2,13.0
452,2,True,female,29,26.0,2,13.0
453,2,False,male,21,73.5,1,73.5
454,2,True,male,42,13.0,1,13.0
455,2,False,male,63,26.0,2,13.0
456,2,False,female,60,26.0,2,13.0
457,2,False,male,33,12.28,1,12.28
458,2,True,female,17,10.5,1,10.5
459,2,False,male,42,27.0,2,13.5
460,2,True,female,24,27.0,4,6.75
461,2,False,male,47,15.0,1,15.0
462,2,False,male,24,31.5,3,10.5
463,2,False,male,22,31.5,3,10.5
464,2,False,male,32,10.5,1,10.5
465,2,True,female,23,13.79,1,13.79
466,2,False,male,34,26.0,2,13.0
467,2,True,female,24,26.0,2,13.0
468,2,False,female,22,21.0,1,21.0
469,2,True,female,28,12.35,1,12.35
470,2,False,male,35,12.35,1,12.35
471,2,True,female,45,13.5,1,13.5
472,2,False,male,57,12.35,1,12.35
473,2,False,male,28,0.0,1,0.0
474,2,False,male,31,10.5,1,10.5
475,2,False,female,26,26.0,3,8.67
476,2,False,male,30,26.0,3,8.67
477,2,False,male,28,10.71,1,10.71
478,2,True,female,1,41.58,4,10.4
479,2,True,female,3,41.58,4,10.4
480,2,False,male,25,41.58,4,10.4
481,2,True,female,22,41.58,4,10.4
482,2,True,female,17,12.0,1,12.0
483,2,True,female,28,33.0,1,33.0
484,2,True,female,34,10.5,1,10.5
485,2,False,male,36,12.88,1,12.88
486,2,False,male,24,10.5,1,10.5
487,2,False,male,61,12.35,1,12.35
488,2,False,male,50,26.0,2,13.0
489,2,True,female,42,26.0,2,13.0
490,2,False,female,57,10.5,1,10.5
491,2,False,male,28,15.05,1,15.05
492,2,True,male,1,37.0,3,12.33
493,2,False,male,31,37.0,3,12.33
494,2,True,female,24,37.0,3,12.33
495,2,False,male,28,15.58,1,15.58
496,2,False,male,30,13.0,1,13.0
497,2,False,male,40,16.0,1,16.0
498,2,False,male,32,13.5,1,13.5
499,2,False,male,30,13.0,1,13.0
500,2,False,male,46,26.0,1,26.0
501,2,True,female,13,19.5,2,9.75
502,2,True,female,41,19.5,2,9.75
503,2,True,male,19,10.5,1,10.5
504,2,False,male,39,13.0,1,13.0
505,2,False,male,48,13.0,1,13.0
506,2,False,male,70,10.5,1,10.5
507,2,False,male,27,13.0,1,13.0
508,2,False,male,54,14.0,1,14.0
509,2,False,male,39,26.0,1,26.0
510,2,False,male,16,10.5,1,10.5
511,2,False,male,62,9.69,1,9.69
512,2,False,male,32,30.07,2,15.04
513,2,True,female,14,30.07,2,15.04
514,2,True,male,2,26.0,3,8.67
515,2,True,male,3,26.0,3,8.67
516,2,False,male,36,26.0,3,8.67
517,2,False,male,26,13.0,1,13.0
518,2,False,male,19,36.75,3,12.25
519,2,False,male,28,13.5,1,13.5
520,2,True,male,20,13.86,1,13.86
521,2,True,female,29,10.5,1,10.5
522,2,False,male,39,13.0,1,13.0
523,2,True,male,22,10.5,1,10.5
524,2,True,male,28,13.86,1,13.86
525,2,False,male,23,10.5,1,10.5
526,2,True,male,29,13.86,1,13.86
527,2,False,male,28,10.5,1,10.5
528,2,False,male,28,0.0,1,0.0
529,2,True,female,50,26.0,2,13.0
530,2,False,male,19,10.5,1,10.5
531,2,False,male,28,15.05,1,15.05
532,2,False,male,41,13.0,1,13.0
533,2,True,female,21,21.0,2,10.5
534,2,True,female,19,26.0,1,26.0
535,2,False,male,43,21.0,2,10.5
536,2,True,female,32,13.0,1,13.0
537,2,False,male,34,13.0,1,13.0
538,2,True,male,30,12.74,1,12.74
539,2,False,male,27,15.03,1,15.03
540,2,True,female,2,26.0,3,8.67
541,2,True,female,8,26.0,3,8.67
542,2,True,female,33,26.0,3,8.67
543,2,False,male,36,10.5,1,10.5
544,2,False,male,34,21.0,2,10.5
545,2,True,female,30,21.0,4,5.25
546,2,True,female,28,13.0,1,13.0
547,2,False,male,23,15.05,1,15.05
548,2,True,male,1,18.75,3,6.25
549,2,True,male,3,18.75,3,6.25
550,2,True,female,24,18.75,6,3.12
551,2,True,female,50,10.5,1,10.5
552,2,False,male,19,10.5,1,10.5
553,2,True,female,21,10.5,1,10.5
554,2,False,male,26,13.0,1,13.0
555,2,False,male,25,13.0,1,13.0
556,2,False,male,27,26.0,1,26.0
557,2,True,female,25,26.0,2,13.0
558,2,True,female,18,13.0,3,4.33
559,2,True,female,20,36.75,1,36.75
560,2,True,female,30,13.0,1,13.0
561,2,False,male,59,13.5,1,13.5
562,2,True,female,30,12.35,1,12.35
563,2,False,male,35,10.5,1,10.5
564,2,True,female,40,13.0,1,13.0
565,2,False,male,25,13.0,1,13.0
566,2,False,male,41,15.05,1,15.05
567,2,False,male,25,10.5,1,10.5
568,2,False,male,18,13.0,1,13.0
569,2,False,male,14,65.0,1,65.0
570,2,True,female,50,10.5,1,10.5
571,2,False,male,23,13.0,1,13.0
572,2,True,female,28,12.65,1,12.65
573,2,True,female,27,10.5,1,10.5
574,2,False,male,29,21.0,2,10.5
575,2,False,female,27,21.0,2,10.5
576,2,False,male,40,13.0,1,13.0
577,2,True,female,31,21.0,1,21.0
578,2,False,male,30,21.0,2,10.5
579,2,False,male,23,10.5,2,5.25
580,2,True,female,31,21.0,1,21.0
581,2,False,male,28,0.0,1,0.0
582,2,True,female,12,15.75,1,15.75
583,2,True,female,40,15.75,1,15.75
584,2,True,female,32,13.0,1,13.0
585,2,False,male,27,26.0,2,13.0
586,2,True,female,29,26.0,2,13.0
587,2,True,male,2,23.0,3,7.67
588,2,True,female,4,23.0,3,7.67
589,2,True,female,29,23.0,3,7.67
590,2,True,female,1,27.75,4,6.94
591,2,True,female,5,27.75,4,6.94
592,2,False,male,36,27.75,4,6.94
593,2,True,female,33,27.75,4,6.94
594,2,False,male,66,10.5,1,10.5
595,2,False,male,28,12.88,1,12.88
596,2,True,male,31,13.0,1,13.0
597,2,True,male,28,13.0,1,13.0
598,2,True,female,26,13.5,1,13.5
599,2,False,female,24,13.0,1,13.0
600,3,False,male,42,7.55,1,7.55
601,3,False,male,13,20.25,3,6.75
602,3,False,male,16,20.25,3,6.75
603,3,True,female,35,20.25,3,6.75
604,3,True,female,16,7.65,1,7.65
605,3,True,male,25,7.65,1,7.65
606,3,True,male,20,7.92,1,7.92
607,3,True,female,18,7.23,1,7.23
608,3,False,male,30,7.25,1,7.25
609,3,False,male,26,8.05,1,8.05
610,3,False,female,40,9.48,2,4.74
611,3,True,male,1,9.35,2,4.68
612,3,True,female,18,9.35,2,4.68
613,3,True,male,26,18.79,1,18.79
614,3,False,male,26,7.89,1,7.89
615,3,False,male,20,7.92,1,7.92
616,3,False,male,24,7.05,1,7.05
617,3,False,male,25,7.05,1,7.05
618,3,False,male,35,8.05,1,8.05
619,3,False,male,18,8.3,1,8.3
620,3,False,male,32,22.52,1,22.52
621,3,True,female,19,7.85,2,3.92
622,3,False,male,4,31.28,7,4.47
623,3,False,female,6,31.28,7,4.47
624,3,False,female,2,31.28,7,4.47
625,3,True,female,17,7.92,7,1.13
626,3,False,female,38,7.78,7,1.11
627,3,False,female,9,31.28,7,4.47
628,3,False,female,11,31.28,7,4.47
629,3,False,male,39,31.28,7,4.47
630,3,True,male,27,7.8,1,7.8
631,3,False,male,26,7.78,1,7.78
632,3,False,female,39,31.28,7,4.47
633,3,False,male,20,7.85,1,7.85
634,3,False,male,26,7.9,1,7.9
635,3,False,male,25,17.8,2,8.9
636,3,False,female,18,17.8,2,8.9
637,3,False,male,24,7.78,1,7.78
638,3,False,male,35,7.05,1,7.05
639,3,False,male,5,31.39,7,4.48
640,3,False,male,9,31.39,7,4.48
641,3,True,male,3,31.39,7,4.48
642,3,False,male,13,31.39,7,4.48
643,3,True,female,5,31.39,7,4.48
644,3,False,male,40,31.39,7,4.48
645,3,True,male,23,7.8,1,7.8
646,3,True,female,38,31.39,7,4.48
647,3,True,female,45,7.22,1,7.22
648,3,False,male,21,7.22,1,7.22
649,3,False,male,23,7.05,1,7.05
650,3,False,female,17,14.46,1,14.46
651,3,False,male,30,7.22,1,7.22
652,3,False,male,23,7.85,1,7.85
653,3,True,female,13,7.23,1,7.23
654,3,False,male,20,7.22,1,7.22
655,3,False,male,32,15.85,2,7.92
656,3,True,female,33,15.85,4,3.96
657,3,True,female,1,19.26,4,4.82
658,3,True,female,1,19.26,4,4.82
659,3,True,female,5,19.26,4,4.82
660,3,True,female,24,19.26,4,4.82
661,3,True,female,18,8.05,1,8.05
662,3,False,male,40,7.22,1,7.22
663,3,False,male,26,7.9,1,7.9
664,3,True,male,20,7.23,1,7.23
665,3,False,female,18,14.45,2,7.22
666,3,False,female,45,14.45,2,7.22
667,3,False,female,27,7.88,1,7.88
668,3,False,male,22,8.05,1,8.05
669,3,False,male,19,8.05,1,8.05
670,3,False,male,26,7.78,1,7.78
671,3,False,male,22,9.35,1,9.35
672,3,False,male,28,7.23,1,7.23
673,3,False,male,20,4.01,1,4.01
674,3,True,male,32,56.5,1,56.5
675,3,False,male,21,7.78,1,7.78
676,3,False,male,18,7.75,1,7.75
677,3,False,male,26,7.9,1,7.9
678,3,False,male,6,15.25,3,5.08
679,3,False,female,9,15.25,3,5.08
680,3,False,male,28,7.22,1,7.22
681,3,False,female,28,15.25,3,5.08
682,3,False,female,28,7.75,3,2.58
683,3,False,male,40,15.5,3,5.17
684,3,False,female,32,15.5,3,5.17
685,3,False,male,21,16.1,1,16.1
686,3,True,female,22,7.72,1,7.72
687,3,False,female,20,7.85,1,7.85
688,3,False,male,29,7.05,2,3.52
689,3,False,male,22,7.25,2,3.62
690,3,False,male,22,7.8,1,7.8
691,3,False,male,35,8.05,1,8.05
692,3,False,female,18,7.28,1,7.28
693,3,True,male,21,7.82,1,7.82
694,3,False,male,19,6.75,1,6.75
695,3,False,female,18,7.88,1,7.88
696,3,False,female,21,8.66,1,8.66
697,3,False,female,30,8.66,1,8.66
698,3,False,male,18,8.66,1,8.66
699,3,False,male,38,8.66,1,8.66
700,3,False,male,17,8.66,1,8.66
701,3,False,male,17,8.66,1,8.66
702,3,False,female,21,7.75,1,7.75
703,3,False,male,21,7.75,1,7.75
704,3,False,male,21,8.05,1,8.05
705,3,False,male,28,14.46,2,7.23
706,3,False,female,28,14.46,2,7.23
707,3,False,male,28,7.8,1,7.8
708,3,False,male,24,7.85,1,7.85
709,3,True,female,16,7.75,1,7.75
710,3,False,female,37,7.75,1,7.75
711,3,False,male,28,7.25,1,7.25
712,3,False,male,24,8.05,1,8.05
713,3,False,male,21,7.73,1,7.73
714,3,True,male,32,56.5,1,56.5
715,3,False,male,29,8.05,1,8.05
716,3,False,male,26,14.45,2,7.22
717,3,False,male,18,14.45,2,7.22
718,3,False,male,20,7.05,1,7.05
719,3,True,male,18,8.05,1,8.05
720,3,False,male,24,7.25,1,7.25
721,3,False,male,36,7.5,1,7.5
722,3,False,male,24,7.5,1,7.5
723,3,False,male,31,7.73,1,7.73
724,3,False,male,31,7.75,1,7.75
725,3,True,female,22,7.75,1,7.75
726,3,False,female,30,7.63,1,7.63
727,3,False,male,70,7.75,1,7.75
728,3,False,male,43,8.05,1,8.05
729,3,False,male,35,7.9,1,7.9
730,3,False,male,27,7.9,1,7.9
731,3,False,male,19,7.9,1,7.9
732,3,False,male,30,8.05,1,8.05
733,3,True,male,9,15.9,3,5.3
734,3,True,male,3,15.9,3,5.3
735,3,True,female,36,15.9,3,5.3
736,3,False,male,59,7.25,1,7.25
737,3,False,male,19,8.16,1,8.16
738,3,True,female,17,16.1,2,8.05
739,3,False,male,44,16.1,2,8.05
740,3,False,male,17,8.66,1,8.66
741,3,False,male,22,7.22,1,7.22
742,3,True,male,45,8.05,1,8.05
743,3,False,female,22,10.52,1,10.52
744,3,False,male,19,10.17,1,10.17
745,3,True,female,30,6.95,1,6.95
746,3,True,male,29,7.75,1,7.75
747,3,False,male,0,14.4,3,4.8
748,3,False,male,34,14.4,3,4.8
749,3,False,female,28,14.4,3,4.8
750,3,False,male,27,7.9,1,7.9
751,3,False,male,25,7.9,1,7.9
752,3,False,male,24,24.15,3,8.05
753,3,False,male,22,8.05,1,8.05
754,3,False,male,21,24.15,3,8.05
755,3,False,male,17,8.05,3,2.68
756,3,False,male,28,16.1,2,8.05
757,3,True,female,28,16.1,2,8.05
758,3,True,male,36,17.4,2,8.7
759,3,True,female,36,17.4,2,8.7
760,3,True,male,30,9.5,1,9.5
761,3,False,male,16,9.5,1,9.5
762,3,True,male,1,20.58,4,5.14
763,3,True,female,0,20.58,4,5.14
764,3,False,male,26,20.58,4,5.14
765,3,True,female,33,20.58,4,5.14
766,3,False,male,25,7.9,1,7.9
767,3,False,male,28,7.9,1,7.9
768,3,False,male,28,7.9,1,7.9
769,3,False,male,22,7.25,1,7.25
770,3,False,male,36,7.25,1,7.25
771,3,True,female,19,7.88,1,7.88
772,3,False,male,17,7.9,1,7.9
773,3,False,male,42,8.66,1,8.66
774,3,False,male,43,7.9,1,7.9
775,3,False,male,28,7.23,1,7.23
776,3,False,male,32,7.75,1,7.75
777,3,True,male,19,8.05,1,8.05
778,3,True,female,30,12.48,1,12.48
779,3,False,female,24,7.75,1,7.75
780,3,True,female,23,8.05,1,8.05
781,3,False,male,33,7.9,1,7.9
782,3,False,male,65,7.75,1,7.75
783,3,True,male,24,7.55,1,7.55
784,3,False,male,23,13.9,2,6.95
785,3,True,female,22,13.9,2,6.95
786,3,False,male,18,7.78,1,7.78
787,3,False,male,16,7.78,1,7.78
788,3,False,male,45,6.98,1,6.98
789,3,False,male,28,7.22,1,7.22
790,3,False,male,39,7.23,3,2.41
791,3,False,male,17,7.23,3,2.41
792,3,False,male,15,7.23,3,2.41
793,3,False,male,47,7.25,1,7.25
794,3,True,female,5,12.48,1,12.48
795,3,False,male,28,7.22,1,7.22
796,3,False,male,40,15.1,1,15.1
797,3,False,male,40,7.75,1,7.75
798,3,True,male,28,7.05,1,7.05
799,3,False,male,18,7.8,1,7.8
800,3,False,female,28,7.75,1,7.75
801,3,False,male,28,7.75,1,7.75
802,3,False,male,28,6.95,1,6.95
803,3,False,male,26,7.88,1,7.88
804,3,False,male,28,7.75,1,7.75
805,3,True,male,28,56.5,1,56.5
806,3,False,female,21,34.38,5,6.88
807,3,False,female,9,34.38,5,6.88
808,3,False,male,28,8.05,1,8.05
809,3,False,male,18,34.38,5,6.88
810,3,False,male,16,34.38,5,6.88
811,3,False,female,48,34.38,5,6.88
812,3,False,male,28,7.75,1,7.75
813,3,False,male,28,7.25,1,7.25
814,3,False,male,25,7.74,1,7.74
815,3,False,male,28,14.5,1,14.5
816,3,False,male,28,7.9,1,7.9
817,3,False,male,22,8.05,1,8.05
818,3,True,female,16,7.73,1,7.73
819,3,True,female,28,7.75,1,7.75
820,3,True,male,9,20.52,3,6.84
821,3,False,male,33,20.52,3,6.84
822,3,False,male,41,7.85,1,7.85
823,3,True,female,31,20.52,3,6.84
824,3,False,male,38,7.05,1,7.05
825,3,False,male,9,46.9,8,5.86
826,3,False,male,1,46.9,8,5.86
827,3,False,male,11,46.9,8,5.86
828,3,False,female,10,46.9,8,5.86
829,3,False,female,16,46.9,8,5.86
830,3,False,male,14,46.9,8,5.86
831,3,False,male,40,46.9,8,5.86
832,3,False,female,43,46.9,8,5.86
833,3,False,male,51,8.05,1,8.05
834,3,False,male,32,8.36,1,8.36
835,3,False,male,28,8.05,1,8.05
836,3,False,male,20,9.85,1,9.85
837,3,False,male,37,7.92,3,2.64
838,3,False,male,28,7.92,3,2.64
839,3,False,male,19,7.78,1,7.78
840,3,False,female,24,8.85,1,8.85
841,3,False,female,17,7.73,1,7.73
842,3,False,male,28,19.97,2,9.98
843,3,False,male,28,19.97,2,9.98
844,3,False,male,28,15.85,2,7.92
845,3,True,female,24,15.85,2,7.92
846,3,False,male,20,9.5,1,9.5
847,3,False,male,24,7.23,1,7.23
848,3,False,male,41,14.11,3,4.7
849,3,False,male,26,7.85,2,3.92
850,3,False,male,21,7.85,1,7.85
851,3,True,female,45,14.11,2,7.06
852,3,False,female,28,7.55,1,7.55
853,3,False,male,25,7.25,1,7.25
854,3,False,male,28,6.86,1,6.86
855,3,False,male,11,18.79,1,18.79
856,3,True,female,28,7.75,1,7.75
857,3,True,male,27,6.98,1,6.98
858,3,True,male,28,56.5,1,56.5
859,3,False,female,18,6.75,1,6.75
860,3,True,female,26,7.92,1,7.92
861,3,False,female,23,7.92,1,7.92
862,3,True,female,22,8.96,1,8.96
863,3,False,male,28,7.9,1,7.9
864,3,False,female,28,7.78,1,7.78
865,3,False,female,28,7.75,1,7.75
866,3,True,female,2,12.29,2,6.14
867,3,True,female,22,12.29,3,4.1
868,3,False,male,43,6.45,1,6.45
869,3,False,male,28,22.52,1,22.52
870,3,True,female,27,7.92,1,7.92
871,3,False,male,28,7.75,1,7.75
872,3,True,female,28,8.05,1,8.05
873,3,False,male,42,7.65,1,7.65
874,3,True,male,28,7.89,1,7.89
875,3,False,male,30,7.23,1,7.23
876,3,False,male,28,7.9,1,7.9
877,3,False,female,27,7.92,2,3.96
878,3,False,female,25,7.92,2,3.96
879,3,False,male,28,7.9,1,7.9
880,3,True,male,29,7.9,1,7.9
881,3,True,male,21,7.8,1,7.8
882,3,False,male,28,7.05,1,7.05
883,3,False,male,20,7.85,1,7.85
884,3,False,male,48,7.85,1,7.85
885,3,False,male,17,7.05,2,3.52
886,3,True,female,28,7.75,1,7.75
887,3,True,male,28,8.11,1,8.11
888,3,False,male,34,6.5,1,6.5
889,3,True,male,26,7.78,1,7.78
890,3,False,male,22,7.8,1,7.8
891,3,False,male,33,8.65,1,8.65
892,3,False,male,31,7.78,1,7.78
893,3,False,male,29,7.85,1,7.85
894,3,True,male,4,11.13,3,3.71
895,3,True,female,1,11.13,3,3.71
896,3,False,male,49,0.0,1,0.0
897,3,False,male,33,7.78,1,7.78
898,3,False,male,19,0.0,1,0.0
899,3,True,female,27,11.13,3,3.71
900,3,False,male,28,23.45,4,5.86
901,3,False,female,28,23.45,4,5.86
902,3,False,male,28,23.45,4,5.86
903,3,False,female,28,23.45,4,5.86
904,3,False,male,23,7.9,1,7.9
905,3,True,male,32,7.85,1,7.85
906,3,False,male,27,7.85,1,7.85
907,3,False,female,20,9.82,2,4.91
908,3,False,female,21,9.82,2,4.91
909,3,True,male,32,7.92,1,7.92
910,3,False,male,17,7.12,1,7.12
911,3,False,male,21,8.43,1,8.43
912,3,False,male,30,7.9,1,7.9
913,3,True,male,21,7.8,1,7.8
914,3,False,male,33,7.85,1,7.85
915,3,False,male,22,7.52,1,7.52
916,3,True,female,4,13.42,2,6.71
917,3,True,male,39,13.42,2,6.71
918,3,False,male,28,7.23,1,7.23
919,3,False,male,18,7.23,1,7.23
920,3,False,male,28,7.75,1,7.75
921,3,False,male,28,7.25,1,7.25
922,3,True,female,28,7.75,1,7.75
923,3,True,female,28,7.75,1,7.75
924,3,False,male,34,7.83,1,7.83
925,3,False,male,44,8.05,1,8.05
926,3,True,male,28,7.75,1,7.75
927,3,False,male,28,14.45,2,7.22
928,3,False,female,28,14.45,2,7.22
929,3,False,male,28,7.75,2,3.88
930,3,False,male,28,7.75,2,3.88
931,3,False,male,28,7.74,1,7.74
932,3,False,female,22,8.66,3,2.89
933,3,False,male,26,8.66,3,2.89
934,3,True,female,4,22.02,3,7.34
935,3,True,male,29,22.02,5,4.4
936,3,True,female,26,22.02,3,7.34
937,3,False,female,1,12.18,3,4.06
938,3,False,male,18,7.85,3,2.62
939,3,False,female,36,12.18,3,4.06
940,3,False,male,28,7.9,1,7.9
941,3,True,male,25,7.23,1,7.23
942,3,False,male,28,7.22,1,7.22
943,3,False,female,37,9.59,1,9.59
944,3,False,male,28,7.9,1,7.9
945,3,True,male,28,56.5,1,56.5
946,3,False,male,28,56.5,1,56.5
947,3,True,female,22,7.25,1,7.25
948,3,False,male,28,7.75,1,7.75
949,3,True,male,26,56.5,1,56.5
950,3,False,male,29,9.48,1,9.48
951,3,False,male,29,7.78,1,7.78
952,3,False,male,22,7.78,1,7.78
953,3,True,male,22,7.22,1,7.22
954,3,False,male,28,25.47,5,5.09
955,3,False,female,28,25.47,5,5.09
956,3,False,female,28,25.47,5,5.09
957,3,False,female,28,25.47,5,5.09
958,3,False,female,28,25.47,5,5.09
959,3,False,male,32,7.92,1,7.92
960,3,False,male,34,6.44,1,6.44
961,3,False,female,28,15.5,2,7.75
962,3,False,male,28,15.5,2,7.75
963,3,False,male,36,0.0,1,0.0
964,3,False,male,39,24.15,1,24.15
965,3,False,male,24,9.5,1,9.5
966,3,False,female,25,7.78,1,7.78
967,3,False,female,45,7.75,1,7.75
968,3,False,male,36,15.55,2,7.78
969,3,False,female,30,15.55,2,7.78
970,3,True,male,20,7.92,2,3.96
971,3,False,male,28,7.88,1,7.88
972,3,False,male,28,56.5,1,56.5
973,3,False,male,28,7.55,1,7.55
974,3,False,male,30,16.1,2,8.05
975,3,False,female,26,16.1,2,8.05
976,3,False,male,28,7.88,1,7.88
977,3,False,male,20,7.25,1,7.25
978,3,True,male,27,8.66,1,8.66
979,3,False,male,51,7.05,1,7.05
980,3,True,female,23,7.85,1,7.85
981,3,True,male,32,7.58,1,7.58
982,3,False,male,28,7.9,1,7.9
983,3,False,male,28,7.55,1,7.55
984,3,True,female,28,7.75,1,7.75
985,3,True,male,24,7.14,1,7.14
986,3,False,male,22,7.12,1,7.12
987,3,False,female,28,7.88,1,7.88
988,3,False,male,28,7.75,1,7.75
989,3,False,male,28,8.05,1,8.05
990,3,False,male,29,7.92,1,7.92
991,3,True,male,28,7.23,1,7.23
992,3,False,female,30,7.75,1,7.75
993,3,True,female,28,7.74,1,7.74
994,3,False,male,28,7.23,1,7.23
995,3,False,male,35,7.9,1,7.9
996,3,False,male,33,7.9,1,7.9
997,3,True,female,28,7.22,1,7.22
998,3,False,male,28,7.9,1,7.9
999,3,True,female,28,7.75,1,7.75
1000,3,True,male,28,7.75,1,7.75
1001,3,True,female,28,23.25,3,7.75
1002,3,True,female,28,23.25,3,7.75
1003,3,True,male,28,23.25,3,7.75
1004,3,True,female,28,7.79,1,7.79
1005,3,False,male,28,15.5,1,15.5
1006,3,True,female,28,7.88,1,7.88
1007,3,True,female,15,8.03,1,8.03
1008,3,False,female,35,7.75,1,7.75
1009,3,False,male,28,7.75,1,7.75
1010,3,False,male,24,16.1,2,8.05
1011,3,False,female,19,16.1,2,8.05
1012,3,False,female,28,7.75,1,7.75
1013,3,False,female,28,8.05,1,8.05
1014,3,False,female,28,8.05,1,8.05
1015,3,False,male,56,8.05,1,8.05
1016,3,False,male,28,7.75,1,7.75
1017,3,True,male,21,7.78,1,7.78
1018,3,False,male,28,8.05,1,8.05
1019,3,False,male,24,7.9,1,7.9
1020,3,False,male,21,7.9,1,7.9
1021,3,False,male,28,7.9,1,7.9
1022,3,False,male,28,7.9,1,7.9
1023,3,True,female,28,7.88,1,7.88
1024,3,False,male,25,7.65,1,7.65
1025,3,True,male,6,12.48,2,6.24
1026,3,True,female,27,12.48,2,6.24
1027,3,False,male,28,8.05,1,8.05
1028,3,True,female,28,24.15,2,12.08
1029,3,False,male,28,24.15,2,12.08
1030,3,False,male,28,8.46,1,8.46
1031,3,False,male,34,8.05,1,8.05
1032,3,False,male,28,7.75,1,7.75
1033,3,True,male,28,7.78,1,7.78
1034,3,True,male,28,15.25,3,5.08
1035,3,True,male,28,15.25,3,5.08
1036,3,True,female,28,15.25,3,5.08
1037,3,True,female,28,7.23,1,7.23
1038,3,False,male,28,8.05,1,8.05
1039,3,True,female,28,7.73,1,7.73
1040,3,True,female,24,7.75,1,7.75
1041,3,False,male,28,8.05,1,8.05
1042,3,True,female,28,15.5,2,7.75
1043,3,True,female,28,15.5,2,7.75
1044,3,True,female,28,15.5,1,15.5
1045,3,False,male,18,7.75,1,7.75
1046,3,False,male,22,7.9,1,7.9
1047,3,True,female,15,7.22,1,7.22
1048,3,True,female,1,15.74,3,5.25
1049,3,True,male,20,15.74,3,5.25
1050,3,True,female,19,15.74,3,5.25
1051,3,False,male,33,8.05,1,8.05
1052,3,False,male,28,7.9,1,7.9
1053,3,False,male,28,7.23,1,7.23
1054,3,False,female,28,7.75,1,7.75
1055,3,False,male,28,7.9,1,7.9
1056,3,True,male,12,11.24,2,5.62
1057,3,True,female,14,11.24,2,5.62
1058,3,False,female,29,7.92,1,7.92
1059,3,False,male,28,8.05,1,8.05
1060,3,True,female,18,7.78,1,7.78
1061,3,True,female,26,7.85,1,7.85
1062,3,False,male,21,7.85,1,7.85
1063,3,False,male,41,7.12,1,7.12
1064,3,True,male,39,7.92,1,7.92
1065,3,False,male,21,7.8,1,7.8
1066,3,False,male,28,7.23,1,7.23
1067,3,True,female,22,7.75,1,7.75
1068,3,False,male,61,6.24,1,6.24
1069,3,False,male,28,15.5,2,7.75
1070,3,False,male,28,7.83,1,7.83
1071,3,True,female,28,15.5,2,7.75
1072,3,False,male,28,7.73,1,7.73
1073,3,False,male,28,7.75,1,7.75
1074,3,False,male,28,7.75,1,7.75
1075,3,False,male,23,9.22,1,9.22
1076,3,False,female,28,7.75,1,7.75
1077,3,True,female,28,7.75,1,7.75
1078,3,True,female,28,7.88,1,7.88
1079,3,True,female,22,7.78,1,7.78
1080,3,True,male,28,7.75,1,7.75
1081,3,True,female,28,7.83,1,7.83
1082,3,True,male,9,3.17,2,1.58
1083,3,False,male,28,22.52,1,22.52
1084,3,False,male,42,8.4,2,4.2
1085,3,False,male,28,7.31,1,7.31
1086,3,False,female,31,7.85,1,7.85
1087,3,False,male,28,7.85,1,7.85
1088,3,True,male,32,7.78,1,7.78
1089,3,False,male,20,9.22,1,9.22
1090,3,False,female,23,8.66,1,8.66
1091,3,False,female,20,8.66,1,8.66
1092,3,False,male,20,8.66,1,8.66
1093,3,False,male,16,9.22,1,9.22
1094,3,True,female,31,8.68,1,8.68
1095,3,False,female,28,7.63,1,7.63
1096,3,False,male,2,21.08,5,4.22
1097,3,False,male,6,21.08,5,4.22
1098,3,False,female,3,21.08,5,4.22
1099,3,False,female,8,21.08,5,4.22
1100,3,False,female,29,21.08,5,4.22
1101,3,False,male,1,39.69,6,6.61
1102,3,False,male,7,39.69,6,6.61
1103,3,False,male,2,39.69,6,6.61
1104,3,False,male,16,39.69,6,6.61
1105,3,False,male,14,39.69,6,6.61
1106,3,False,female,41,39.69,6,6.61
1107,3,False,male,21,8.66,1,8.66
1108,3,False,male,19,14.5,1,14.5
1109,3,False,male,28,8.71,1,8.71
1110,3,False,male,32,7.9,1,7.9
1111,3,False,male,1,13.78,3,4.59
1112,3,False,female,3,13.78,3,4.59
1113,3,False,female,26,13.78,3,4.59
1114,3,False,male,28,7.0,1,7.0
1115,3,False,male,28,7.78,1,7.78
1116,3,False,male,28,8.05,1,8.05
1117,3,False,male,21,7.92,1,7.92
1118,3,False,male,25,7.92,1,7.92
1119,3,False,male,22,7.25,1,7.25
1120,3,True,male,25,7.78,2,3.89
1121,3,True,male,28,22.36,3,7.45
1122,3,True,female,28,22.36,3,7.45
1123,3,True,female,28,22.36,3,7.45
1124,3,False,female,28,8.14,1,8.14
1125,3,False,male,24,8.05,1,8.05
1126,3,False,female,28,7.9,1,7.9
1127,3,False,male,19,7.9,1,7.9
1128,3,False,male,28,7.9,1,7.9
1129,3,False,male,25,7.78,2,3.89
1130,3,False,female,18,7.78,1,7.78
1131,3,True,male,32,8.05,1,8.05
1132,3,False,male,28,7.9,1,7.9
1133,3,False,male,17,8.66,1,8.66
1134,3,False,male,24,8.66,1,8.66
1135,3,False,male,28,7.9,1,7.9
1136,3,False,female,28,8.11,1,8.11
1137,3,False,male,28,7.23,1,7.23
1138,3,False,male,28,7.25,1,7.25
1139,3,False,male,38,7.9,1,7.9
1140,3,False,male,21,8.05,1,8.05
1141,3,False,male,10,29.12,6,4.85
1142,3,False,male,4,29.12,6,4.85
1143,3,False,male,7,29.12,6,4.85
1144,3,False,male,2,29.12,6,4.85
1145,3,False,male,8,29.12,6,4.85
1146,3,False,female,39,29.12,6,4.85
1147,3,False,female,22,39.69,1,39.69
1148,3,False,male,35,7.12,1,7.12
1149,3,True,female,28,7.72,1,7.72
1150,3,False,male,28,14.5,1,14.5
1151,3,False,female,28,14.5,1,14.5
1152,3,False,male,50,14.5,2,7.25
1153,3,False,female,47,14.5,2,7.25
1154,3,False,male,28,8.05,1,8.05
1155,3,False,male,28,7.78,1,7.78
1156,3,False,female,2,20.21,3,6.74
1157,3,False,male,18,20.21,3,6.74
1158,3,False,female,41,20.21,3,6.74
1159,3,True,female,28,8.05,1,8.05
1160,3,False,male,50,8.05,1,8.05
1161,3,False,male,16,8.05,1,8.05
1162,3,True,male,28,7.75,1,7.75
1163,3,False,male,28,24.15,1,24.15
1164,3,False,male,28,7.23,1,7.23
1165,3,False,male,25,7.22,1,7.22
1166,3,False,male,28,7.22,1,7.22
1167,3,False,male,28,7.73,1,7.73
1168,3,False,male,28,7.58,1,7.58
1169,3,False,male,38,7.25,1,7.25
1170,3,False,male,28,69.55,11,6.32
1171,3,False,male,14,69.55,11,6.32
1172,3,False,female,28,69.55,11,6.32
1173,3,False,female,28,69.55,11,6.32
1174,3,False,female,28,69.55,11,6.32
1175,3,False,female,28,69.55,11,6.32
1176,3,False,male,28,69.55,11,6.32
1177,3,False,male,28,69.55,11,6.32
1178,3,False,male,28,69.55,11,6.32
1179,3,False,male,28,69.55,11,6.32
1180,3,False,female,28,69.55,11,6.32
1181,3,False,male,24,9.32,1,9.32
1182,3,True,female,21,7.65,1,7.65
1183,3,False,male,39,7.92,1,7.92
1184,3,False,male,28,21.68,3,7.23
1185,3,False,male,28,21.68,3,7.23
1186,3,False,male,28,21.68,3,7.23
1187,3,True,female,1,16.7,3,5.57
1188,3,True,female,24,16.7,3,5.57
1189,3,True,female,4,16.7,3,5.57
1190,3,True,male,25,9.5,1,9.5
1191,3,False,male,20,8.05,1,8.05
1192,3,False,male,24,8.05,1,8.05
1193,3,False,male,28,7.72,1,7.72
1194,3,False,male,28,7.9,1,7.9
1195,3,False,male,28,7.75,1,7.75
1196,3,True,male,29,9.5,1,9.5
1197,3,False,male,28,15.1,1,15.1
1198,3,True,female,28,7.78,1,7.78
1199,3,False,male,28,8.05,1,8.05
1200,3,False,male,28,8.05,1,8.05
1201,3,False,male,22,7.23,1,7.23
1202,3,False,male,28,8.05,1,8.05
1203,3,False,male,40,7.9,1,7.9
1204,3,False,male,21,7.92,1,7.92
1205,3,True,female,18,7.5,1,7.5
1206,3,False,male,4,27.9,6,4.65
1207,3,False,male,10,27.9,6,4.65
1208,3,False,female,9,27.9,6,4.65
1209,3,False,female,2,27.9,6,4.65
1210,3,False,male,40,27.9,6,4.65
1211,3,False,female,45,27.9,6,4.65
1212,3,False,male,28,7.9,1,7.9
1213,3,False,male,28,8.05,1,8.05
1214,3,False,male,28,8.66,1,8.66
1215,3,False,male,28,7.75,1,7.75
1216,3,True,female,28,7.73,1,7.73
1217,3,False,male,19,7.65,1,7.65
1218,3,False,male,30,8.05,1,8.05
1219,3,False,male,28,8.05,1,8.05
1220,3,False,male,32,8.05,1,8.05
1221,3,False,male,28,7.9,1,7.9
1222,3,False,male,33,8.66,1,8.66
1223,3,True,female,23,7.55,1,7.55
1224,3,False,male,21,8.05,1,8.05
1225,3,False,male,60,14.45,1,14.45
1226,3,False,male,19,7.9,1,7.9
1227,3,False,female,22,9.84,1,9.84
1228,3,True,male,31,7.92,1,7.92
1229,3,False,male,27,8.66,1,8.66
1230,3,False,female,2,10.46,2,5.23
1231,3,False,female,29,10.46,3,3.49
1232,3,True,male,16,8.05,1,8.05
1233,3,True,male,44,7.92,1,7.92
1234,3,False,male,25,7.05,1,7.05
1235,3,False,male,74,7.78,1,7.78
1236,3,True,male,14,9.22,1,9.22
1237,3,False,male,24,7.8,1,7.8
1238,3,True,male,25,7.8,1,7.8
1239,3,False,male,34,8.05,1,8.05
1240,3,True,male,0,8.52,2,4.26
1241,3,False,male,28,6.44,2,3.22
1242,3,False,male,28,6.44,1,6.44
1243,3,False,male,28,7.22,1,7.22
1244,3,True,female,16,8.52,3,2.84
1245,3,False,male,28,8.05,1,8.05
1246,3,False,male,28,16.1,2,8.05
1247,3,True,female,28,16.1,2,8.05
1248,3,False,male,32,7.92,1,7.92
1249,3,False,male,28,7.75,1,7.75
1250,3,False,male,28,7.9,1,7.9
1251,3,False,male,30,8.05,1,8.05
1252,3,False,male,44,8.05,1,8.05
1253,3,False,male,28,7.23,1,7.23
1254,3,True,male,25,0.0,1,0.0
1255,3,False,male,28,7.23,1,7.23
1256,3,True,male,7,15.25,3,5.08
1257,3,True,female,9,15.25,3,5.08
1258,3,True,female,29,15.25,3,5.08
1259,3,False,male,36,7.9,1,7.9
1260,3,True,female,18,9.84,1,9.84
1261,3,True,female,63,9.59,1,9.59
1262,3,False,male,28,14.5,3,4.83
1263,3,False,male,12,14.5,3,4.83
1264,3,False,male,40,14.5,3,4.83
1265,3,False,female,10,24.15,3,8.05
1266,3,False,male,36,24.15,3,8.05
1267,3,False,female,30,24.15,3,8.05
1268,3,False,male,28,9.5,1,9.5
1269,3,False,male,33,9.5,1,9.5
1270,3,False,male,28,9.5,1,9.5
1271,3,False,male,28,9.5,1,9.5
1272,3,False,male,47,9.0,1,9.0
1273,3,False,female,18,18.0,3,6.0
1274,3,False,male,31,18.0,4,4.5
1275,3,False,male,16,18.0,3,6.0
1276,3,False,female,31,18.0,2,9.0
1277,3,True,male,22,7.22,1,7.22
1278,3,False,male,20,7.85,1,7.85
1279,3,False,female,14,7.85,1,7.85
1280,3,False,male,22,7.9,1,7.9
1281,3,False,male,22,9.0,1,9.0
1282,3,False,male,28,8.05,1,8.05
1283,3,False,male,28,7.55,1,7.55
1284,3,False,male,28,8.05,1,8.05
1285,3,False,male,32,9.5,1,9.5
1286,3,True,female,38,7.23,1,7.23
1287,3,False,male,51,7.75,1,7.75
1288,3,False,male,18,6.5,2,3.25
1289,3,False,male,21,6.5,2,3.25
1290,3,True,female,47,7.0,2,3.5
1291,3,False,male,28,8.71,1,8.71
1292,3,False,male,28,7.55,1,7.55
1293,3,False,male,28,8.05,1,8.05
1294,3,False,male,28,16.1,1,16.1
1295,3,False,male,21,7.25,1,7.25
1296,3,False,male,27,8.66,1,8.66
1297,3,False,male,28,7.25,1,7.25
1298,3,False,male,36,9.5,1,9.5
1299,3,False,male,27,14.45,2,7.22
1300,3,True,female,15,14.45,2,7.22
1301,3,False,male,46,7.22,1,7.22
1302,3,False,male,28,7.22,1,7.22
1303,3,False,male,28,14.46,1,14.46
1304,3,False,female,14,14.45,2,7.22
1305,3,False,female,28,14.45,2,7.22
1306,3,False,male,26,7.22,1,7.22
1307,3,False,male,27,7.22,1,7.22
1308,3,False,male,29,7.88,1,7.88
